{
    "distance": 5480.370143400428,
    "steps": 8618,
    "calories": 282.3366043494915,
    "heart_rate": 88.93780403057679,
    "name": "Satyam Kumar"
}