{
    "distance": 3600.657369603024,
    "steps": 5646,
    "calories": 128.83657513251356,
    "heart_rate": 89.82221450081074,
    "name": "Satyam Kumar"
}